la,lo,0,1,2,3,4,5,6,7,8,9,10
0.2739519555161131,0.0,0.4239193083573485,0.5676979846721546,0.5415951548965998,0.9049345879726058,0.4323020153278454,0.4584048497446233,0.5,0.4927536231884059,0.9548494983277592,0.5,0.507246376811594
0.2645023741096806,0.030826462462227776,,0.4215157536190746,0.3955806298115792,0.8705051314366651,0.5784842463809254,0.6044193307306488,0.4375000000000014,0.4347826086956522,0.9492324843495412,0.5624999999999987,0.5652173913043478
0.25505279270324804,0.06165727587223435,0.3697406340057636,0.6151007663922792,0.5899195738907566,0.9160990913541636,0.3848992336077209,0.4100804225950412,0.375,0.3768115942028985,0.9435725924020236,0.625,0.6231884057971014
0.24561102086887246,0.09248373833446212,0.3729106628242074,0.5898382060743687,0.5641063518408307,0.9101491464382436,0.41016179392563135,0.4358936872714772,0.375,0.3768115942028985,0.9435725924020236,,
0.2361614394568909,0.1233102007966899,0.3449567723342939,0.5923928470053934,0.5667105075947193,0.9107508262612016,0.4076071529946066,,,0.3768115942028985,0.9435725924020236,0.625,0.6231884057971014
0.2267196676225153,0.15413666325891767,0.3861671469740635,0.522849843883054,0.4963150919714695,,0.47715015611694606,0.5036849465598979,0.375,0.3768115942028985,0.9435725924020236,0.625,0.6231884057971014
0.2172700862160828,0.18496747666892424,0.2518731988472621,0.5807550383196144,0.5548583746237509,0.9080098404010588,0.4192449616803857,0.44514159585295787,0.375,0.3768115942028985,0.9435725924020236,0.625,0.6231884057971014
0.20782050480965025,0.215793939131152,,0.4992903775191601,0.4727001463823726,0.8888229393800587,0.5007096224808399,0.5272998662379954,0.375,0.3768115942028985,0.9435725924020236,0.625,0.6231884057971014
0.19837873297527464,0.2466204015933798,0.2288184438040345,0.4220834516037471,0.396138884159215,0.870638838063989,0.577916548396253,0.6038611106659707,0.375,0.3768115942028985,0.9435725924020236,0.625,0.6231884057971014
0.18892915156884213,0.2774512150033864,0.19971181556195966,0.6627873971047403,,0.9273304480493829,0.3372126028952597,0.3609843937472154,0.375,0.3768115942028985,0.9435725924020236,0.625,0.6231884057971014
0.1133559290280037,0.5240716165936746,0.4645533141210376,0.44053363610559226,0.4143194708197143,0.8749843034520205,0.5594663638944077,0.5856805670089884,0.5,0.4927536231884059,0.9548494983277592,0.5,0.507246376811594
0.1039063476215712,0.5549024300036812,0.44236311239193066,0.4967357365881353,0.4701465852138403,0.8882212595571006,0.5032642634118647,0.5298534188151012,0.5,0.4927536231884059,0.9548494983277592,0.5,0.507246376811594
0.0566740597279734,0.7090390932625988,0.3878962536023053,0.612829974453591,0.5875937312040451,,0.38717002554640906,0.4124062824009088,,0.3768115942028985,0.9435725924020236,0.625,0.6231884057971014
0.04723228789359779,0.7398699066726054,,0.6020437127448202,0.5765609580043601,0.9130238389257104,0.39795628725517984,0.4234390555060476,0.375,0.3768115942028985,0.9435725924020236,0.625,
0.03778270648161625,0.7706963691348332,0.6731988472622478,0.7482259437979001,0.7281892197044072,0.9474532954616514,0.25177405620209986,0.2718107522576677,0.375,0.3768115942028985,0.9435725924020236,0.625,0.6231884057971014
0.028340934647240638,0.8015271825448398,0.4417867435158501,0.6962815782003976,0.6737890114439313,0.9352191390615014,,0.3262109857605892,0.375,0.3768115942028985,0.9435725924020236,,0.6231884057971014
0.018891353240808127,0.8323536450070675,0.6054755043227666,0.9423786545557764,0.9366031249577682,0.9931809620064738,0.057621345444223725,0.06339688306849284,0.1875000000000014,0.18840579710144925,0.9266786724980705,0.8124999999999987,0.8115942028985508
0.009441771834375614,0.8631801074662039,0.6005763688760808,0.7397104740278175,0.7192318185713817,0.9454476960517908,0.2602895259721825,,0.0,0.0,,1.0,1.0
0.0,0.8940109208762104,0.4979827089337176,0.6752767527675276,0.6519540886016595,0.9302719938505118,0.3247232472324724,0.3480459255548329,0.0,0.0,0.9097418746248176,1.0,1.0
0.3111020867166109,0.03707877390406611,0.3247838616714696,0.458416122622765,0.43200975961324745,0.3325837966886511,,,0.4375000000000014,0.4347826086956522,0.3482119886802161,0.5624999999999987,0.5652173913043478
0.30165250531017845,0.06790523636629389,0.4121037463976944,0.4780017030939542,0.4514628892187078,0.33489900574125075,,0.5485370803719488,0.375,0.3768115942028985,0.34538204270645745,0.625,0.6231884057971014
0.29221073347580284,0.09873169882852166,0.4092219020172912,0.5696849276185071,0.5436111314566358,0.34573686840776763,0.4303150723814931,0.4563888646323198,0.375,0.3768115942028985,0.34538204270645745,0.625,0.6231884057971014
0.2827611520693703,0.12956251223852824,0.2256484149855907,0.522849843883054,0.4963150919714695,0.3402004989341599,0.47715015611694606,0.5036849465598979,0.375,0.3768115942028985,0.34538204270645745,0.625,0.6231884057971014
0.2733115706629378,0.16038897470075605,0.3414985590778096,0.6278739710474031,0.6030228773649721,,0.3721260289525969,0.3969771620808327,0.375,0.3768115942028985,0.34538204270645745,0.625,0.6231884057971014
0.26386979882301315,0.19121543716298375,0.290778097982709,0.4924780017030939,0.4658937349686456,0.3366102472149113,,,0.375,0.3768115942028985,0.34538204270645745,0.625,0.6231884057971014
0.25442021741658066,0.2220462505698988,0.1976945244956772,0.5563440249787113,,0.34415984195164906,0.4436559750212887,0.4699086049614402,0.375,0.3768115942028985,0.34538204270645745,0.625,0.6231884057971014
0.2449706360101481,0.2528727130321266,,0.5302299176837926,0.5037368308931427,0.3410728965481829,0.4697700823162074,0.4962632077018257,0.375,0.3768115942028985,0.34538204270645745,0.625,0.6231884057971014
0.2355288641757725,0.2836991754943544,0.11527377521613832,0.6026114107294918,0.5771410132708894,0.3496291039164857,0.3973885892705082,0.4228589831054023,0.375,0.3768115942028985,0.34538204270645745,0.625,0.6231884057971014
0.22607928276933997,0.31452563795658217,0.18443804034582129,0.690036900369004,0.6672877443383615,0.35996366026722004,0.30996309963099605,0.3327122699495331,0.5,0.4927536231884059,0.3510419346539748,0.5,0.507246376811594
0.2166375109349644,0.3453564513665887,0.16858789625360232,0.5418677263695716,0.5154638828058697,0.3424486004779885,0.4581322736304284,0.48453613018096403,0.5,0.4927536231884059,0.3510419346539748,0.5,0.507246376811594
0.20718792952853188,0.3761829138288165,0.2913544668587896,0.3948339483394834,0.36942000703405264,,0.6051660516605166,0.6305800047012518,0.5,0.4927536231884059,0.3510419346539748,0.5,0.507246376811594
0.19773834811655036,0.4070093762910443,0.3414985590778096,0.24354243542435464,0.2239475741374567,0.3071836046188268,0.7564575645756453,0.7760524620598456,0.5,0.4927536231884059,0.3510419346539748,0.5,0.507246376811594
0.18829657628217472,0.4378401897010509,0.40230547550432255,0.4280442804428049,0.40200469389894505,0.3289935449694026,0.5719557195571949,0.5979953438242257,0.5625000000000013,0.5652173913043478,0.3538718806277335,0.4374999999999986,0.4347826086956522
0.1788469948757422,0.4686666521632786,0.3394812680115274,0.4002270791938688,0.37469558088946864,0.32570527703962343,0.5997729208061312,0.6253044223215014,0.625,0.6231884057971014,0.3567018266014921,0.375,0.3768115942028985
0.1693974134693097,0.4994931146255064,0.1527377521613832,0.5909736020437127,,0.3482533999866802,0.4090263979562873,0.4347364561149818,0.625,0.6231884057971014,0.3567018266014921,0.375,0.3768115942028985
0.1599556416349341,0.530323928035513,0.28991354466858793,0.5855804711893273,0.5597691772867089,0.34761587865335564,0.4144195288106727,0.4402308189407135,0.625,0.6231884057971014,0.3567018266014921,0.375,0.3768115942028985
0.15050606022850158,0.5611503904977407,0.3086455331412102,0.6068691456145331,0.5814936130034732,0.3501324102322682,0.3931308543854669,0.4185064262578356,0.625,0.6231884057971014,0.3567018266014921,0.375,0.3768115942028985
0.14106428838857693,0.5919768529599685,0.2622478386167145,0.5452739142776047,0.5189016409124886,0.3428512455306145,0.4547260857223953,0.4810983721038052,0.5625000000000013,0.5652173913043478,0.3538718806277335,0.4374999999999986,0.4347826086956522
0.13161470698214442,0.6228076663699751,0.33515850144092196,0.5032642634118647,0.4766751120375701,0.3378852898815604,0.4967357365881353,0.5233248834777746,0.5625000000000013,0.5652173913043478,0.3538718806277335,0.4374999999999986,0.4347826086956522
0.12216512557571192,0.6536341288322028,0.27348703170028804,0.4439398240136245,,0.3308725552149906,0.5560601759863755,0.5823161642243325,0.4375000000000014,0.4347826086956522,0.3482119886802161,,0.5652173913043478
0.1127233537413363,0.6844605912944307,0.3219020172910663,0.6372409877944932,0.6126540245845978,0.3537226619515169,0.3627590122055068,0.3873460235132848,0.375,0.3768115942028985,0.34538204270645745,0.625,0.6231884057971014
0.1032737723349038,0.7152914047044372,,0.7076355378938409,0.6856307495585247,0.3620439930391211,0.29236446210615913,0.3143692477474741,0.375,0.3768115942028985,0.34538204270645745,,
0.09383200050052816,0.7461178671635734,0.4659942363112392,0.5986375248367871,0.5730820660885086,0.34915935135508874,0.4013624751632129,,,0.3768115942028985,0.34538204270645745,0.625,0.6231884057971014
0.08438241909409566,0.7769443296258013,0.5487031700288186,0.6772636957138808,0.6540155351599846,0.3584537413198725,0.3227363042861192,0.3459844361664558,0.375,0.3768115942028985,0.34538204270645745,0.625,0.6231884057971014
0.07493283768766315,0.8077751430358078,0.5504322766570603,0.8339483394833951,0.8192196078287202,0.3769754137406691,0.16605166051660505,0.18078043346979186,0.375,0.3768115942028985,0.34538204270645745,0.625,0.6231884057971014
0.0654910658477385,0.8386016054980356,0.653314121037464,0.907465228498439,0.8985338616388399,0.385665836126514,0.09253477150156092,0.10146613749164142,0.125,0.13043478260869554,0.33406225881142265,,0.8695652173913044
0.056041484441306,0.8694324189080421,0.6017291066282419,0.6480272495032648,0.6237675571630763,0.35499770461816593,0.3519727504967352,0.3762324396127835,,0.0,0.3284023668639053,1.0,1.0
0.046599712606930375,0.90025888137027,0.6265129682997116,0.6068691456145331,,0.3501324102322682,,0.4185064262578356,,0.0,0.3284023668639053,1.0,1.0
0.3577017993235413,0.04332673439812565,0.2991354466858788,0.4317343173431738,,0.6613272136708163,,0.5943603148553122,0.375,0.3768115942028985,,0.625,0.6231884057971014
0.3482522179171088,0.07415319686035342,0.3665706051873198,0.5046835083735455,0.4780955567353529,0.6751767799885409,0.4953164916264545,0.5219044816398818,0.375,0.3768115942028985,,0.625,0.6231884057971014
0.3388104460827332,0.10498401026726846,0.373487031700288,0.4643769514618229,0.4379216392193181,0.6675244904277747,0.5356230485381772,0.5620783302552962,0.375,0.3768115942028985,0.7107023411371237,0.625,0.6231884057971014
0.32936086467630066,0.13581047272949626,0.3005763688760805,0.4535906897530512,0.4272294882382541,0.6654766946298233,0.5464093102469488,0.5727705497010815,0.375,0.3768115942028985,0.7107023411371237,0.625,0.6231884057971014
0.3199112832698682,0.166636935191724,0.28328530259365986,0.4706216292932165,0.44412314369010497,0.6687100564160624,0.5293783707067835,0.5558768943940017,0.375,0.3768115942028985,0.7107023411371237,0.625,0.6231884057971014
0.31046951143549256,0.19746774860173055,0.4181556195965419,0.3792222537609997,0.3541834870739445,0.6513576814965788,0.6207777462390004,0.6458164816830722,0.375,,0.7107023411371237,0.625,0.6231884057971014
0.30101993002351096,0.2282942110639584,0.2873198847262247,0.4513198978143631,0.42498166267638704,0.6650455797249915,0.5486801021856369,0.5750183409655117,0.375,0.3768115942028985,0.7107023411371237,0.625,0.6231884057971014
0.2915703486170785,0.2591206735261861,,0.4714731762702248,0.4449694461064358,0.6688717245053745,0.5285268237297752,0.5550305662762924,0.375,0.3768115942028985,0.7107023411371237,0.625,0.6231884057971014
0.2821285767827029,0.2899514869361927,0.15302593659942368,0.3823445926766961,0.3572266434068686,0.6519504644907226,0.6176554073233039,0.6427733510848571,0.4375000000000014,0.4347826086956522,0.7152474058828574,0.5624999999999987,0.5652173913043478
0.2726789953762704,0.3207779493984205,0.3175792507204609,0.4359920522282151,0.4098375309657244,0.6621355541173761,0.5640079477717849,0.5901624382682219,0.5,0.4927536231884059,0.7197924706285911,0.5,0.507246376811594
0.26322941396983784,0.3516044118606483,0.3671469740634004,0.5194436559750217,0.4928935817194974,0.6779790268699482,0.4805563440249782,0.5071064225043755,0.5,0.4927536231884059,0.7197924706285911,,0.507246376811594
0.25378764213546223,0.382430874322876,0.3103746397694523,0.3840476866307126,0.3588874209546371,0.6522738006693466,0.6159523133692874,0.6411125735513206,0.5,0.4927536231884059,,0.5,0.507246376811594
0.2443380607290297,0.4132616877328826,0.4755043227665706,0.24496168038603455,0.2252896075113901,0.625868012748393,0.7550383196139654,0.7747103858496953,0.5,0.4927536231884059,0.7197924706285911,0.5,0.507246376811594
0.2348884793170482,0.4440881501951104,0.4512968299711814,0.10246948623332428,0.09268750647696827,0.5988155524701918,0.8975305137666757,0.9073125028868648,0.5625000000000013,0.5652173913043478,0.7243375353743247,0.4374999999999986,0.4347826086956522
0.2254467074826726,0.4749146126573382,0.5149855907780979,0.18961112688049986,0.17326780751800733,0.6153595869431158,0.8103888731195001,0.8267322282449925,0.625,0.6231884057971014,0.7288826001200583,0.375,0.3768115942028985
0.21599712607624008,0.5057454260673447,0.4824207492795387,0.3295486801021861,,0.6419270429533811,0.6704513198978139,0.6939514362254998,0.625,0.6231884057971014,0.7288826001200583,0.375,0.3768115942028985
0.20655535424186447,0.5365718885295725,0.5201729106628241,0.3372126028952597,0.31344086036709384,0.6433820557571887,0.6627873971047403,0.6865591765971253,0.625,0.6231884057971014,0.7288826001200583,0.375,0.3768115942028985
0.197105772835432,0.5673983509918002,0.5172910662824208,0.44762986091399415,0.4213312856237533,0.6643450180046395,0.5523701390860059,0.5786687094173201,0.625,0.6231884057971014,0.7288826001200583,0.375,0.3768115942028985
0.18765619142899945,0.5982291644018068,,0.3919954584161228,0.36664587438305385,0.6537827028362582,0.6080045415838772,0.6333541373284772,0.625,0.6231884057971014,0.7288826001200583,0.375,
0.17821441959462386,0.6290556268609431,0.4512968299711814,0.443088277036617,0.4168424901348914,0.6634827881949757,0.5569117229633829,0.5831575220068017,,0.6231884057971014,,0.375,0.3768115942028985
0.1687648381826423,0.6598820893231709,0.6795389048991354,0.5237013908600623,0.4971708551639242,0.678787367316508,0.4762986091399377,0.5028291062488855,0.625,0.6231884057971014,0.7288826001200583,0.375,0.3768115942028985
0.15932306634826668,0.6907129027331774,0.44495677233429387,0.5997729208061312,0.5742414225017309,0.6932297166283763,0.4002270791938688,0.42575857384971216,0.625,0.6231884057971014,0.7288826001200583,,0.3768115942028985
0.14987348494183414,0.7215393651954052,0.5121037463976944,,0.5612144736609035,0.690804695288697,,0.4387855654266221,0.5,0.4927536231884059,0.7197924706285911,0.5,0.507246376811594
0.14043171310745856,0.7523658276576329,0.479827089337176,0.5747942094805565,0.5487989274770579,0.6884874526752256,0.4252057905194435,0.4512010343781808,0.5,0.4927536231884059,0.7197924706285911,0.5,0.507246376811594
0.13098213170102604,0.7831966410676395,0.4979827089337176,0.7263695713880218,0.7052295699745608,0.7172643725727544,0.2736304286119781,0.2947704446384782,0.375,0.3768115942028985,0.7107023411371237,0.625,0.6231884057971014
0.12153255029459352,0.8140231035298674,0.6492795389048991,0.9046267385750784,0.8954501970733653,0.7511068926020581,0.09537326142492154,0.10454980203069042,0.4375000000000014,0.4347826086956522,0.7152474058828574,0.5624999999999987,0.5652173913043478
0.11209077845466887,0.8448495659920952,0.6057636887608068,0.6125461254612552,0.5873030779940984,0.6956547379680558,0.3874538745387449,0.4126969613169949,0.0,0.0,0.6834319526627218,1.0,1.0
0.10264119704823638,0.8756803794021017,0.8438040345821325,0.498154981549816,0.4715650589165977,0.6739373246371492,0.5018450184501839,0.528434902276782,0.0,,0.6834319526627218,1.0,1.0
0.09319942521386076,0.9065068418643296,0.7815561959654179,0.4987226795344876,0.4721325683713109,0.6740451033633571,0.5012773204655124,0.5278674271051063,0.0,0.0,0.6834319526627218,1.0,1.0
0.4414516431309696,0.08665346879315977,0.2726224783861669,0.4555776326994044,0.4291972354069649,0.22382641931110075,0.5444223673005957,0.5708027254233421,1.0,1.0,,0.0,0.0
0.4320020617245369,0.11747993125538755,0.3391930835734869,0.7527675276752772,0.7329728074927699,0.2520375008960377,0.24723247232472276,0.26702723306664633,1.0,1.0,0.24937826944515906,,0.0
0.4225602898901614,0.14831074466539412,0.3331412103746398,0.6664774340051092,0.6428349201942828,0.24384631770423185,0.33352256599489083,0.3571651195926931,1.0,,0.24937826944515906,0.0,0.0
0.41311070848372894,0.1791372071276219,,0.5742265114958841,0.5482222314716163,0.235089296199834,0.425773488504116,0.4517777646568546,0.5,0.4927536231884059,0.2311980104622245,0.5,0.507246376811594
0.4036611270772964,0.2099636695898497,,0.6664774340051092,0.6428349201942828,0.24384631770423185,0.33352256599489083,0.3571651195926931,0.5,0.4927536231884059,0.2311980104622245,0.5,0.507246376811594
0.3942193552429208,0.24079448299985626,0.3893371757925073,0.6278739710474031,0.6030228773649721,0.24018184101316076,0.3721260289525969,0.3969771620808327,0.5,0.4927536231884059,0.2311980104622245,0.5,0.507246376811594
0.3847697738364883,0.27162094546208404,0.4054755043227664,0.6054499006528532,0.5800423179487658,0.2380532111705532,0.3945500993471468,0.4199576784523886,0.4375000000000014,0.4347826086956522,0.2289254780893577,0.5624999999999987,0.5652173913043478
0.37532019243005577,0.3024474079243118,0.25302593659942363,0.5696849276185071,0.5436111314566358,0.234658181295002,0.4303150723814931,0.4563888646323198,0.5,0.4927536231884059,0.2311980104622245,0.5,0.507246376811594
0.3658784205901312,0.3332782213343184,0.30115273775216145,0.4527391427760429,,0.22355697249558085,,0.5736135356968193,0.5,,0.2311980104622245,0.5,0.507246376811594
0.3564288391836986,0.36410468379654615,,0.5986375248367871,0.5730820660885086,0.2374065388133054,0.4013624751632129,,0.5,0.4927536231884059,0.2311980104622245,,0.507246376811594
0.3469792577772661,0.3949311462556824,0.3265129682997117,0.3545273914277608,0.3301879509149224,0.2142341126785911,0.6454726085722392,0.6698120604841808,0.5,0.4927536231884059,0.2311980104622245,0.5,
0.3375374859428905,0.42576195966568897,0.3798270893371756,,0.4238581612335461,0.22331447036161287,0.549815498154981,0.5761418081205509,0.5,0.4927536231884059,0.2311980104622245,0.5,0.507246376811594
0.328087904536458,0.4565884221279167,0.2913544668587896,0.21799602611410754,0.1998642430043537,0.2012737208520824,0.7820039738858925,0.8001357929865655,0.625,0.6231884057971014,0.23574307520795815,0.375,0.3768115942028985
0.3186461327020824,0.4874148845901445,0.31239193083573497,0.18989497587283566,0.1735329234880555,0.198606197378435,0.8101050241271643,,0.625,0.6231884057971014,0.23574307520795815,0.375,0.3768115942028985
0.3091965512901008,0.5182413470523722,0.3319884726224783,0.3221686063014476,0.2989418867456146,,0.6778313936985524,,0.625,0.6231884057971014,0.23574307520795815,0.375,0.3768115942028985
0.29974696988366833,0.5490721604623788,0.35677233429394795,0.42094805563440296,0.3950224440202919,,0.579051944365597,0.6049775507953264,0.625,0.6231884057971014,0.23574307520795815,0.375,0.3768115942028985
0.2903051980492927,0.5798986229246066,0.33429394812680097,0.3965370422935,0.3710853093008368,0.21822192554828607,0.6034629577065,0.6289146853096512,0.625,0.6231884057971014,0.23574307520795815,0.375,
0.2808556166428602,0.6107250853868345,0.4570605187319885,0.27930740845870017,0.2578974664221501,0.2070937720673129,0.7206925915412998,0.7421025015097393,0.625,0.6231884057971014,0.23574307520795815,,0.3768115942028985
0.2714138448084846,0.6415558987968409,0.5651296829971181,0.4697700823162082,0.4432769955255583,0.2251736533887004,0.5302299176837918,0.5567230511208405,0.625,0.6231884057971014,0.23574307520795815,0.375,0.3768115942028985
0.2619642634020521,0.6723823612590688,0.7299711815561959,0.5129151291512914,0.4863425855524745,0.2292692449846033,0.4870848708487086,0.5136574100457161,0.625,,0.23574307520795815,0.375,
0.25251468199561955,0.7032088237212966,0.4844380403458213,0.8580755038319614,0.8451226386954706,0.2620339777518273,0.14192449616803865,0.15487735997730126,0.5625000000000013,0.5652173913043478,0.2334705428350913,0.4374999999999986,0.4347826086956522
0.2430729101556949,0.7340396371313032,0.3671469740634004,0.7936417825716723,0.7762225398723509,0.25591753503952475,0.20635821742832766,0.2237774325013476,0.5,0.4927536231884059,0.2311980104622245,0.5,0.507246376811594
0.2336233287492624,0.7648660995935309,0.5484149855907781,0.9792790235594666,0.9771207840062904,0.27353935677452845,0.02072097644053335,0.022879224367188502,0.5,0.4927536231884059,0.2311980104622245,0.5,0.507246376811594
0.2241815569148868,0.7956925620557587,0.5792507204610949,0.9253477150156116,,0.2684198672796497,0.0746522849843882,,0.5,,0.2311980104622245,0.5,0.507246376811594
0.2147319755084543,0.8265233754657653,0.4438040345821327,0.5509508941243261,0.5246367222647514,0.2328798323125705,0.4490491058756741,0.4753632908006896,0.5,0.4927536231884059,0.2311980104622245,0.5,0.507246376811594
0.20529020367407866,0.8573498379279929,0.6239193083573488,0.5007096224808399,0.474119391344053,0.2281106236778677,0.4992903775191601,0.5258805784407595,0.5,0.4927536231884059,0.2311980104622245,,0.507246376811594
0.19584062226764615,0.8881763003902208,0.54178674351585,0.4885041158103892,0.4619278873078279,0.22695200237113194,0.5114958841896108,0.5380721252202267,0.5,0.4927536231884059,0.2311980104622245,0.5,0.507246376811594
0.18639104086121366,0.9190071137971358,0.6913544668587894,0.5157536190746521,0.4891897307148612,0.2295386918001233,0.484246380925348,0.5108102649077281,0.5,0.4927536231884059,0.2311980104622245,0.5,0.507246376811594
0.48805135574344893,0.0929057802349981,0.3587896253602306,0.5174567130286686,0.4908988404884778,0.02687706565300436,0.4825432869713314,0.5091011551487576,1.0,1.0,0.01989537775490953,0.0,0.0
0.4786017743370165,0.12373224269722588,0.31239193083573497,0.7053647459551519,0.6832602081324471,0.03663714105744146,0.2946352540448481,0.3167397548750634,1.0,1.0,0.01989537775490953,0.0,0.0
0.4691521929250349,0.15455870515945366,,0.5606017598637526,0.5344020942456293,0.029118049733781463,0.43939824013624734,0.4655978674862351,0.8125000000000013,0.8115942028985508,0.016164994425863975,0.1874999999999986,0.18840579710144925
0.4597104210906593,0.18538516762168145,0.2824207492795388,0.5699687766108436,0.5438991966644181,0.029604579172371213,0.4300312233891565,0.4561008422747234,,,,0.5,0.507246376811594
0.4502608396842268,0.216215981031688,0.4489913544668587,0.5722395685495317,0.5462043353338161,0.029722525702938464,0.42776043145046827,0.4537956350687316,0.5,0.4927536231884059,0.009947688877454765,0.5,0.507246376811594
0.4408190678498512,0.24704244349391574,0.3838616714697404,,0.3627649680383018,0.020154113410673056,0.6119784274765827,0.637235026500885,0.5,0.4927536231884059,0.009947688877454765,0.5,0.507246376811594
0.43136948644341866,0.277868905953052,0.3054755043227664,0.6326994039171161,0.607982046531953,0.032862852079290565,0.367300596082884,0.3920179672477191,0.5,0.4927536231884059,0.009947688877454765,0.5,0.507246376811594
0.4219199050369862,0.3086997193630586,0.5167146974063398,0.5952313369287541,0.5696056422012109,0.03091673432493152,0.404768663071246,0.43039435411050575,0.5,0.4927536231884059,0.009947688877454765,0.5,0.507246376811594
0.4124781331970615,0.3395261818252864,0.35763688760806905,0.5571955719557196,0.5309532300105176,0.028941129937930663,0.4428044280442804,0.4690467659699654,0.5,0.4927536231884059,0.009947688877454765,0.5,0.507246376811594
0.40302855179062896,0.3703526442875141,0.407492795389049,0.6009083167754753,0.5754010531403482,0.031211600651349564,0.3990916832245247,0.4245989432210328,0.5,0.4927536231884059,0.009947688877454765,0.5,0.507246376811594
0.3935789703841965,0.4011834576975207,0.3224783861671469,0.3082600056769803,0.2855800058631102,0.016011241524499557,0.6917399943230197,,0.5,,0.009947688877454765,0.5,0.507246376811594
0.3841371985498209,0.4320099201597485,0.3806916426512966,0.4428044280442804,0.4165620860990784,0.02299957346060711,0.5571955719557196,0.5834379174706684,0.5,0.4927536231884059,0.009947688877454765,0.5,0.507246376811594
0.3746876171433884,0.4628363826219763,0.3602305475504323,0.3638944081748509,0.33927443508304644,0.01890093152339636,0.6361055918251491,0.6607256021025546,0.625,0.6231884057971014,0.012434611096818449,0.375,0.3768115942028985
0.3652380357369559,0.4936628450842041,0.313256484149856,0.4039171160942377,0.3783087489838341,0.02097973912464356,0.5960828839057624,0.6216912456885558,0.625,0.6231884057971014,0.012434611096818449,0.375,0.3768115942028985
0.35579626390258023,0.5244936584942106,0.3847262247838615,0.4203803576497305,0.3944643267853535,0.02183485147125586,0.5796196423502694,0.6055356851645689,,,0.012434611096818449,0.375,0.3768115942028985
0.3463466824961477,0.5553201209564383,0.3729106628242074,0.5021288674425206,0.475539064782913,0.02608092657167566,0.4978711325574793,0.5244609478617832,0.625,0.6231884057971014,0.012434611096818449,0.375,0.3768115942028985
0.3369049106562231,0.5861465834186662,0.5109510086455332,0.4930456996877664,0.4664605588598715,0.02560914044940676,0.5069543003122337,0.5335394365679389,0.625,0.6231884057971014,0.012434611096818449,0.375,0.3768115942028985
0.3274553292497906,0.6169773968286727,0.6884726224783861,0.4930456996877664,0.4664605588598715,0.02560914044940676,0.5069543003122337,0.5335394365679389,0.625,0.6231884057971014,0.012434611096818449,0.375,0.3768115942028985
0.3180057478433581,0.6478038592909006,0.530835734870317,0.35254044848140764,0.3282629143514653,0.0183111988705603,0.6474595515185924,0.6717371227397722,0.625,0.6231884057971014,0.012434611096818449,0.375,0.3768115942028985
0.30856397600898244,0.6786303217531283,0.4057636887608068,0.5989213738291229,0.5733718794831835,0.031108397437103214,0.4010786261708771,0.4266281254303517,0.625,0.6231884057971014,0.012434611096818449,0.375,0.3768115942028985
0.29911439460255,0.7094611351631349,,0.6852114674992902,0.6622697195460036,0.03559036559865746,0.3147885325007098,0.3377302518511713,0.5625000000000013,0.5652173913043478,0.011191149987136606,0.4374999999999986,0.4347826086956522
0.28967262276817435,0.7402875976253627,0.4783861671469738,0.7956287255180247,0.7783340154261552,0.04132551564748832,0.2043712744819753,0.22166598267426815,0.5,0.4927536231884059,0.009947688877454765,0.5,0.507246376811594
0.2802230413617418,0.7711140600875904,0.7400576368876078,1.0,1.0,0.05194070339853777,0.0,,0.5,,0.009947688877454765,0.5,0.507246376811594
0.2707812695218172,0.8019448734945055,0.6628242074927954,0.6704513198978147,0.6469512147623687,0.03482371314997052,0.3295486801021853,0.35304882505988194,0.5,0.4927536231884059,0.009947688877454765,0.5,0.507246376811594
0.26133168811538465,0.8327713359567332,0.6948126801152738,0.4975872835651435,0.4709976180182331,0.02584503351054121,0.5024127164348565,0.5290023774484578,0.5,0.4927536231884059,0.009947688877454765,0.5,0.507246376811594
0.25188210670895217,0.8635977984189609,0.5948126801152738,0.5992052228214595,0.5736617100169454,0.03112314075342412,0.4007947771785405,0.4263383034686168,0.5,0.4927536231884059,,0.5,0.507246376811594
0.2424403348745765,0.8944286118289676,,,0.6404842601093339,0.03449936019091071,0.335793357933579,,0.5,0.4927536231884059,0.009947688877454765,0.5,0.507246376811594
0.232990753468144,0.9252550742911954,0.6697406340057634,0.5310814646608009,0.5045939309343974,0.02758474483640766,0.4689185353391992,0.4954060819592858,0.5,0.4927536231884059,0.009947688877454765,0.5,0.507246376811594
0.5252014869439469,0.12998020319128542,0.6334293948126801,,0.6791144000562366,0.936422498707418,0.2986091399375528,0.3208856143330073,1.0,1.0,,0.0,
0.5157519055375144,0.16081101659820046,0.5484149855907781,0.5850127732046557,0.5591911787106416,0.9090126401059891,0.4149872267953443,0.4408088346509148,0.75,0.753623188405797,0.9774461881485292,0.25,0.24637681159420294
0.5063101336975897,0.19163747906042825,0.3904899135446685,,0.3835947434042556,0.867630438949198,0.5906897530513769,0.61640529416115,0.5,0.4927536231884059,0.9548494983277592,0.5,0.507246376811594
0.4968605522911572,0.222463941522656,0.5037463976945246,0.5359068975305138,0.5094537448129942,0.8974470168424595,0.4640931024694862,0.4905462938309658,0.5,0.4927536231884059,0.9548494983277592,0.5,0.507246376811594
0.4874109708847247,0.2532904039848838,0.5685878962536024,0.4217996026114113,0.39585974841585336,0.870571984750327,0.5782003973885887,0.6041402206983097,0.5,0.4927536231884059,0.9548494983277592,0.5,0.507246376811594
0.477969199050349,0.2841212173948904,0.5288184438040344,0.6264547260857224,0.6015652408480079,0.9187732239006444,0.3735452739142776,0.3984347557375879,0.5,0.4927536231884059,0.9548494983277592,0.5,0.507246376811594
0.4685196176439165,0.3149476798571181,0.4561959654178673,0.693443088277037,0.6708328616870777,0.9345506059248812,0.306556911722963,0.32916713549211,0.5,0.4927536231884059,0.9548494983277592,0.5,0.507246376811594
0.4590700362374841,0.3457741423193459,0.4204610951008646,0.5671302866874821,0.541019315845517,0.9048008813452818,0.4328697133125179,0.4589807230689456,,0.4927536231884059,,0.5,0.507246376811594
0.4496282644031085,0.3766049557293525,0.4619596541786744,0.7096224808401932,,0.9383612448036164,0.29037751915980675,0.3122941327849054,0.5,,0.9548494983277592,0.5,0.507246376811594
0.4401786829911269,0.40743141819158013,0.4507204610951008,0.5276752767527678,0.5011664562800867,0.8955082707462608,0.4723247232472322,0.4988335565842246,0.5,0.4927536231884059,0.9548494983277592,0.5,0.507246376811594
0.4307369111567513,0.4382578806538081,0.6031700288184435,,0.3760849181440196,0.8658253994803234,0.5983536758444504,0.6239150422311389,0.5625000000000013,,0.9605093902752766,0.4374999999999986,0.4347826086956522
0.4212873297503187,0.4690886940638146,0.5556195965417867,0.3312517740562018,0.3076902252932153,0.8492457776921423,0.6687482259437981,0.6923097687740061,0.625,0.6231884057971014,0.966169282222794,0.375,0.3768115942028985
0.4118377483438863,0.4999151565260424,0.407492795389049,0.6071529946068689,0.5817839234316763,0.9142271985716268,0.3928470053931311,0.4182160901234896,0.625,0.6231884057971014,0.966169282222794,,0.3768115942028985
0.40239597650951053,0.5307416189882702,0.6005763688760808,0.5049673573658813,0.4783796970921714,0.8901600056532991,0.4950326426341187,0.5216203155768678,0.625,0.6231884057971014,0.966169282222794,0.375,0.3768115942028985
0.3929463951030781,0.561568081450498,0.6720461095100863,0.6440533636105593,0.6196702184254114,0.9229181293476896,0.3559466363894407,0.3803297954544227,0.625,0.6231884057971014,0.966169282222794,0.375,0.3768115942028985
0.3835046232631535,0.5923988948605046,0.6942363112391932,0.6659097360204376,0.6422471523385224,0.9280658344996652,0.33409026397956243,0.35775281888706795,0.625,0.6231884057971014,0.966169282222794,0.375,0.3768115942028985
0.37405504185672095,0.6232253573227323,0.8302593659942363,0.3261424921941531,0.302767125335205,0.8480424180462259,0.6738575078058471,0.6972328858289143,0.625,0.6231884057971014,0.966169282222794,0.375,0.3768115942028985
0.3646054604502885,0.6540518197849601,0.7440922190201726,0.4030655691172294,0.3774746838757498,0.8661596660486336,,0.6225253193590359,0.625,0.6231884057971014,0.966169282222794,0.375,0.3768115942028985
0.35516368861591285,0.6848826331918751,0.5780979827089338,0.6480272495032648,0.6237675571630763,0.923854075738958,0.3519727504967352,0.3762324396127835,0.625,,0.966169282222794,,
0.3457141072094803,0.7157090956541029,0.5233429394812679,0.8237297757592966,0.8082862413346807,0.965236276895749,0.1762702242407034,0.19171379987013698,0.5,0.4927536231884059,0.9548494983277592,0.5,0.507246376811594
0.3362723353751047,0.7465355581163307,0.5662824207492797,0.9713312517740564,0.968369428979346,1.0,0.02866874822594355,0.03163061359731211,0.5,,0.9548494983277592,0.5,
0.3268227539686722,0.7773663715263373,0.6409221902017289,0.6806698836219129,0.6575513974016234,0.9315422068100904,0.3193301163780869,0.34244864251146595,0.5,0.4927536231884059,0.9548494983277592,0.5,0.507246376811594
0.3173731725622397,0.8081928339885649,0.6622478386167148,0.5923928470053934,0.5667105075947193,0.9107508262612016,0.4076071529946066,0.4332894886921873,0.5,0.4927536231884059,0.9548494983277592,0.5,0.507246376811594
0.30793140072231506,0.8390192964507928,0.6809798270893371,0.3028668748225941,0.2804099402283761,0.8425604463259401,0.6971331251774059,0.7195900536050658,0.5,0.4927536231884059,0.9548494983277592,0.5,0.507246376811594
0.2984818193158825,0.8698501098607994,0.7982708933717579,0.5745103604882207,0.5485105709047934,0.9065390675004944,0.4254896395117793,0.4514893995175179,0.5,0.4927536231884059,0.9548494983277592,0.5,0.507246376811594
0.2890400474815069,0.9006765723230271,0.8233429394812678,0.41129718989497627,,0.8680984121448323,0.5887028101050238,0.6144562371837121,0.5,0.4927536231884059,0.9548494983277592,0.5,0.507246376811594
0.27959046607507443,0.9315030347852548,0.6809798270893371,0.4646608004541586,0.4382033458257567,0.8806668351132921,0.5353391995458413,0.561796649359902,0.5,0.4927536231884059,0.9548494983277592,0.5,0.507246376811594
0.5718011995508773,0.13623251463003222,0.21988472622478392,0.7107578768095373,0.6888920350539921,,0.2892421231904627,0.3111079365713239,1.0,1.0,0.3736815024440443,0.0,0.0
0.5623516181444447,0.16705897709226,0.2726224783861669,0.7530513766676131,0.7332719274117837,,0.2469486233323869,,,0.753623188405797,0.3623617185490095,0.25,0.24637681159420294
0.5529098463100691,0.19788543955448776,0.3613832853025937,0.5810388873119502,0.5551471082559332,0.3470790185831877,0.4189611126880498,0.4448528879318804,0.5,0.4927536231884059,0.3510419346539748,0.5,0.507246376811594
0.5434602648980875,0.22871625296449435,0.3688760806916425,0.4189611126880498,0.3930693336320331,0.3279198248290665,0.5810388873119502,0.6069306354582175,0.5,0.4927536231884059,0.3510419346539748,0.5,0.507246376811594
0.534010683491655,0.2595427154267221,0.2775216138328529,0.6068691456145331,0.5814936130034732,0.3501324102322682,0.3931308543854669,,0.5,,0.3510419346539748,0.5,0.507246376811594
0.5245689116572795,0.2903691778889499,0.5031700288184436,0.6835083735452745,0.6604998345692455,0.3591919239163536,0.3164916264547255,0.33950020536911024,0.5,0.4927536231884059,0.3510419346539748,0.5,0.507246376811594
0.5151193302508469,0.3211956403511777,0.3097982708933717,0.6020437127448202,0.5765609580043601,0.34956199640771474,0.39795628725517984,0.4234390555060476,0.5,0.4927536231884059,0.3510419346539748,0.5,0.507246376811594
0.5056697488444144,0.35202645376118424,,0.6747090547828559,,0.35815175753040296,0.325290945217144,,0.5,0.4927536231884059,,0.5,0.507246376811594
0.4962279770100388,0.38285291622341205,0.40489913544668577,0.6355378938404767,0.6109015186422408,0.35352133942520386,0.36446210615952335,0.3890984951624498,0.5,0.4927536231884059,0.3510419346539748,0.5,0.507246376811594
0.4867783956036063,0.4136793786856398,0.3135446685878961,0.3831961396537044,0.3580569550548605,0.3236920517764933,0.6168038603462956,0.6419430480135241,0.5,0.4927536231884059,0.3510419346539748,0.5,0.507246376811594
0.4773288141971738,0.4445101920956464,0.3340057636887609,0.37127448197558943,0.3464466288953749,0.3222827940923023,0.6287255180244106,0.6535534083516886,0.625,0.6231884057971014,0.3567018266014921,0.375,0.3768115942028985
0.4678870423572492,0.4753366545578742,0.3449567723342939,0.44762986091399415,0.4213312856237533,0.3313087540220021,0.5523701390860059,0.5786687094173201,0.625,,0.3567018266014921,,0.3768115942028985
0.4584374609508166,0.5061631170201021,0.3616714697406339,0.5739426625035482,0.5479339091775262,,0.42605733749645175,0.4520661297961917,,0.6231884057971014,0.3567018266014921,0.375,0.3768115942028985
0.448995689116441,0.5369895794823297,0.4247838616714695,0.4714731762702248,0.4449694461064358,0.33412726939038423,0.5285268237297752,0.5550305662762924,0.625,0.6231884057971014,0.3567018266014921,0.375,0.3768115942028985
0.4395461077100085,0.5678203928892447,0.3994236311239193,,0.5441872790112878,0.3458039759165386,0.4297473743968207,0.4558127342216923,,0.6231884057971014,0.3567018266014921,0.375,0.3768115942028985
0.43009652630357603,0.5986468553514726,0.5184438040345819,0.5245529378370706,0.4980267726081634,0.3404018214604729,0.4754470621629295,0.5019732659378727,0.625,0.6231884057971014,0.3567018266014921,,0.3768115942028985
0.4206547544692004,0.6294733178137003,0.3726224783861669,0.4819755889866589,0.4554198588323657,0.3353687583026477,0.5180244110133411,0.5445801793485483,0.625,0.6231884057971014,0.3567018266014921,0.375,0.3768115942028985
0.4112051730572188,0.6603041312237069,0.4340057636887608,,0.5537036114858928,0.3469112498112601,0.4203803576497305,0.4462964275372681,0.625,0.6231884057971014,0.3567018266014921,0.375,0.3768115942028985
0.4017634012228432,0.6911305936859347,0.6132564841498559,0.818620493897247,0.8028278876840308,0.3751635110038521,0.18137950610275302,0.1971720849176632,0.625,0.6231884057971014,0.3567018266014921,0.375,0.3768115942028985
0.3923138198164107,0.7219570561481624,0.5190201729106629,,0.9952913357312454,0.3961010537404048,0.004257734885040514,0.0047087070761206076,0.375,0.3768115942028985,0.34538204270645745,0.625,0.6231884057971014
0.3828642384099782,0.7527878695581691,0.5959654178674348,0.7479420948055635,0.7278903911498757,0.3668086261618623,0.2520579051944365,0.2721095722400951,0.375,0.3768115942028985,,0.625,0.6231884057971014
0.3734224665756026,0.7836143320203968,0.5769452449567721,0.5855804711893273,0.5597691772867089,0.34761587865335564,0.4144195288106727,0.4402308189407135,0.4375000000000014,0.4347826086956522,0.3482119886802161,0.5624999999999987,0.5652173913043478
0.3639728851691701,0.8144407944826245,0.4236311239193084,0.6309963099630995,0.6062311859419652,0.35298447935503585,0.3690036900369005,0.3937688106836159,0.5,0.4927536231884059,0.3510419346539748,0.5,0.507246376811594
0.3545311133347945,0.8452716078926311,0.5861671469740635,0.5271075787680953,0.5005954504515888,0.3407038052499425,0.4728924212319047,0.4994045452687423,0.5,0.4927536231884059,0.3510419346539748,0.5,0.507246376811594
0.3450815319228129,0.8760980703548589,0.6979827089337175,0.554357082032359,0.5280810617808473,0.3439249656709505,0.445642917967641,0.4719189341750225,0.5,0.4927536231884059,0.3510419346539748,0.5,0.507246376811594
0.3356397600884373,0.9069245328170866,0.6374639769452449,0.5293783707067843,0.5028798851036728,0.3409722352850264,0.4706216292932157,0.4971200763580607,0.5,0.4927536231884059,0.3510419346539748,0.5,0.507246376811594
0.3261901786820048,0.9377553462270932,0.5763688760806917,0.44762986091399415,0.4213312856237533,0.3313087540220021,0.5523701390860059,0.5786687094173201,0.5,0.4927536231884059,0.3510419346539748,0.5,0.507246376811594
0.6089513307513751,0.17330693758631954,0.3599423631123917,0.5634402497871133,0.5372780330744791,0.686331878151066,,0.4627219286820308,0.5,0.4927536231884059,0.7197924706285911,0.5,0.507246376811594
0.5995017493449426,0.2041377509963261,0.5002881844380402,0.4995742265114959,0.4729839610965344,0.6742067714526689,0.5004257734885041,0.5270160429567221,,0.4927536231884059,0.7197924706285911,0.5,0.507246376811594
0.5900599775105669,0.2349642134585539,0.6492795389048991,,,0.6694106181364142,0.5256883338064147,0.5522084442053734,0.5,0.4927536231884059,0.7197924706285911,0.5,0.507246376811594
0.5806103960985854,0.26579067592078165,0.3651296829971182,0.4564291796764126,0.4300408127084343,0.6660155882608632,0.5435708203235874,0.5699592252549933,0.5,0.4927536231884059,0.7197924706285911,0.5,0.507246376811594
0.571160814692153,0.29661713838300946,,0.626738575078059,0.6018567338732264,0.6983492061232551,0.37326142492194103,0.3981433055625848,,0.4927536231884059,0.7197924706285911,0.5,0.507246376811594
0.5617190428577773,0.327447951793016,0.37665706051873177,0.4345728072665344,0.4084378245634295,,0.5654271927334656,0.5915621875062395,0.5,0.4927536231884059,0.7197924706285911,0.5,0.507246376811594
0.5522694614513448,0.3582744142552438,0.3386167146974063,0.34828271359636714,0.3241406639505841,0.6454837409182442,0.6517172864036329,0.6758593302576099,0.5,0.4927536231884059,0.7197924706285911,0.5,
0.5428276896169691,0.3891008767174716,0.3729106628242074,0.6749929037751918,0.651659664792533,0.7075103978509328,0.32500709622480817,0.3483403750700669,0.5,0.4927536231884059,0.7197924706285911,0.5,0.507246376811594
0.5333781082105367,0.4199316901243866,0.5172910662824208,0.4093102469486231,0.3835947434042556,0.6570699539856014,0.5906897530513769,0.61640529416115,0.5,0.4927536231884059,0.7197924706285911,0.5,0.507246376811594
0.5239285268041042,0.4507581525866144,0.3527377521613831,0.34885041158103874,,0.6455915196444523,0.6511495884189612,0.6753099368227545,0.625,0.6231884057971014,0.7288826001200583,0.375,
0.5144867549641795,0.4815846150488422,0.3752161383285301,0.2733465796196423,0.2522202551977516,0.6312569490587917,0.7266534203803577,0.7477797383941172,0.625,0.6231884057971014,0.7288826001200583,0.375,0.3768115942028985
0.505037173557747,0.51241107751107,0.3847262247838615,0.49105875674141397,0.4644769751746063,0.6725900905595494,0.5089412432585859,0.5355230288057493,0.625,0.6231884057971014,0.7288826001200583,0.375,0.3768115942028985
0.4955875921513145,0.5432418909210766,,0.49105875674141397,0.4644769751746063,0.6725900905595494,0.5089412432585859,0.5355230288057493,0.625,0.6231884057971014,0.7288826001200583,0.375,0.3768115942028985
0.4861458203169389,0.5740683533833043,0.5622478386167148,0.5234175418677265,,0.6787334779534039,0.4765824581322736,0.5031143863525566,0.625,0.6231884057971014,,0.375,0.3768115942028985
0.4766962389105064,0.6048948158455321,0.50835734870317,0.5089412432585868,0.48235946169177896,0.6759851204351007,0.4910587567414133,0.5176405338722777,0.625,0.6231884057971014,0.7288826001200583,0.375,0.3768115942028985
0.4672544670761308,0.6357256292555387,,0.4947487936417829,0.4681614418716418,0.6732906522799015,0.5052512063582171,0.5318385535707446,0.625,0.6231884057971014,0.7288826001200583,0.375,
0.4578048856696982,0.6665520917177664,0.5158501440922192,0.7082032358785125,0.686223556305916,0.7138154533340993,0.2917967641214875,0.3137764924224239,0.625,0.6231884057971014,0.7288826001200583,0.375,0.3768115942028985
0.44835530426326575,0.6973785541799942,0.5380403458213256,0.9716151007663922,0.9686817459954888,0.7638247822945989,0.028384899233607732,0.031318253736128086,,0.4927536231884059,0.7197924706285911,0.5,0.507246376811594
0.4389135324233411,0.7282093675900008,0.6561959654178673,0.8759579903491349,0.8644012581152613,0.7456640669285554,,0.13559871501408866,0.3125000000000014,0.3043478260869567,0.7061572763913901,0.6874999999999987,0.6956521739130433
0.4294639510169086,0.7590358300522285,0.7469740634005764,0.5441385183082598,0.5177554473182208,0.682667401459995,0.4558614816917402,0.4822445485491637,0.3125000000000014,0.3043478260869567,0.7061572763913901,0.6874999999999987,0.6956521739130433
0.42002217918253293,0.7898622925144563,0.8377521613832851,0.5634402497871133,0.5372780330744791,0.686331878151066,0.4365597502128867,,0.3125000000000014,0.3043478260869567,0.7061572763913901,0.6874999999999987,0.6956521739130433
0.4105725977761005,0.8206931059244629,0.6818443804034581,0.5745103604882207,,0.6884335633121216,,0.4514893995175179,0.3125000000000014,0.3043478260869567,0.7061572763913901,,0.6956521739130433
0.4011308259417248,0.8515195683866906,0.6608069164265127,0.4697700823162082,0.4432769955255583,0.6685483883267505,0.5302299176837918,0.5567230511208405,0.3125000000000014,,0.7061572763913901,0.6874999999999987,0.6956521739130433
0.3916812445352924,0.8823460308489184,0.7198847262247839,0.6097076355378938,0.5843974885444266,0.695115844337016,0.3902923644621063,0.4156025507417667,0.3125000000000014,0.3043478260869567,0.7061572763913901,0.6874999999999987,0.6956521739130433
0.3822316631233108,0.9131768442558336,0.6659942363112391,0.6031791087141642,0.5777211370937672,0.6938763889856242,0.39682089128583575,0.4222788250093217,0.4375000000000014,,0.7152474058828574,0.5624999999999987,0.5652173913043478
0.3727898912889352,0.9440033067180612,0.5815561959654176,,0.4880506669808602,,0.485381776894692,0.5119493286319672,0.4375000000000014,0.4347826086956522,0.7152474058828574,0.5624999999999987,0.5652173913043478
0.6454688866652055,0.37077468618805015,0.2786743515850144,0.4586999716151008,0.4322911062988553,0.22412281080817265,0.5413000283848992,0.5677088631275079,0.5,0.4927536231884059,0.2311980104622245,0.5,0.507246376811594
0.6360193052587729,0.4016011486502779,0.3694524495677231,0.5753619074652291,0.5493756920388485,0.2351970749260419,0.42463809253477103,0.45062430409950704,0.5,0.4927536231884059,0.2311980104622245,0.5,0.507246376811594
0.6265775334243974,0.4324276111125057,0.2945244956772334,0.3562304853817773,0.33183865067942897,0.21439578076790305,0.6437695146182226,0.6681613093165593,0.5,0.4927536231884059,0.2311980104622245,0.5,0.507246376811594
0.6171279520179649,0.4632584245225122,0.37435158501440896,0.4845302299176837,0.4579653989080977,0.226574776829404,0.5154697700823163,0.5420345964469131,0.625,0.6231884057971014,0.23574307520795815,0.375,0.3768115942028985
0.6076783706115324,0.49408488698473996,0.395965417867435,,0.3641506203891089,0.2175483085094863,0.6105591825149019,0.6358494170096701,0.625,0.6231884057971014,0.23574307520795815,,0.3768115942028985
0.5982365987771567,0.5249113494469678,0.3308357348703171,,0.4894745394960792,0.22956563648167536,0.4839625319330113,0.5105254989766679,,0.6231884057971014,0.23574307520795815,0.375,0.3768115942028985
0.5887870173707243,0.5557378119091956,0.3976945244956771,0.554357082032359,0.5280810617808473,0.23320316849119446,0.445642917967641,0.4719189341750225,,0.6231884057971014,,0.375,0.3768115942028985
0.5793452455307996,0.5865686253192022,0.4247838616714695,0.480556344024979,0.4540062697694551,0.2261975512876762,0.519443655975021,0.5459937255516281,,0.6231884057971014,0.23574307520795815,0.375,0.3768115942028985
0.5698956641243671,0.6173950877814299,0.3317002881844381,0.6764121487368725,0.6531319552290366,0.24478938155855154,0.32358785126312745,0.3468680417984628,0.625,0.6231884057971014,0.23574307520795815,0.375,0.3768115942028985
0.5604460827179346,0.6482215502436577,0.4639769452449566,,0.7383595883153552,0.2525225051639737,0.242123190462674,0.2616404180120493,0.625,0.6231884057971014,0.23574307520795815,0.375,0.3768115942028985
0.551004310883559,0.6790523636505728,0.5642651296829971,0.8717002554640936,0.8598049405629737,,0.12829974453590642,0.14019507537470552,0.625,0.6231884057971014,0.23574307520795815,0.375,0.3768115942028985
0.5415547294771265,0.7098788261128005,0.5899135446685878,0.6908884473460122,0.6681737922978638,0.24616356031770326,0.30911155265398776,0.3318261791499064,0.4375000000000014,0.4347826086956522,0.2289254780893577,0.5624999999999987,
0.5321129576427509,0.7407052885750283,,0.6610843031507238,0.6372538935271399,0.243334368754744,0.3389156968492762,0.3627461205033785,0.3125000000000014,0.3043478260869567,0.22438041334362405,0.6874999999999987,0.6956521739130433
0.5226633762363183,0.7715361019850349,0.5521613832853024,0.6522849843883053,0.6281612907048928,0.2424990836266321,0.34771501561169466,0.3718387489563367,,0.3043478260869567,,0.6874999999999987,0.6956521739130433
0.5132216043963937,0.8023625644472626,0.5786743515850143,0.5219982969060457,0.4954594830307995,0.2301314747942672,0.4780017030939542,0.5045405297846053,0.3125000000000014,0.3043478260869567,0.22438041334362405,0.6874999999999987,0.6956521739130433
0.5037720229899612,0.8331890269094904,0.5674351585014408,0.5671302866874821,0.541019315845517,0.2344156791610341,0.4328697133125179,0.4589807230689456,0.3125000000000014,0.3043478260869567,0.22438041334362405,0.6874999999999987,0.6956521739130433
0.4943224415835287,0.8640154893717182,0.4815561959654177,0.6576781152426907,0.6337322224496864,0.24301103257612,0.3423218847573093,0.3662677744115661,0.3125000000000014,0.3043478260869567,0.22438041334362405,0.6874999999999987,0.6956521739130433
0.484880669749153,0.8948463027817247,0.39452449567723336,0.6230485381776893,0.5980686613941861,0.23972378142677686,0.37695146182231065,0.4019313865787066,0.3125000000000014,,0.22438041334362405,0.6874999999999987,0.6956521739130433
0.4754310883427206,0.9256727652439526,,0.6897530513766681,0.666992429296702,,,0.3330075764191185,0.3125000000000014,0.3043478260869567,0.22438041334362405,0.6874999999999987,0.6956521739130433
0.465989316508345,0.9564992277061805,0.4550432276657062,0.7468066988362194,0.7266952483226209,0.2514716625834459,0.2531933011637806,,0.3125000000000014,0.3043478260869567,0.22438041334362405,0.6874999999999987,0.6956521739130433
0.7393008871657337,0.222885983423192,0.17752161383285292,,0.510884044485906,0.027909097795467512,0.4626738575078055,0.4891159513225933,0.3125000000000014,,0.00621730554840921,0.6874999999999987,0.6956521739130433
0.7298513057593012,0.2537124458854197,0.12564841498559076,0.4819755889866589,0.4554198588323657,0.02503415111289161,0.5180244110133411,0.5445801793485483,0.3125000000000014,0.3043478260869567,0.00621730554840921,0.6874999999999987,0.6956521739130433
0.7204095339249256,0.2845389083476476,0.1072046109510086,0.5123474311666198,0.4857733621890433,0.026611685959228117,0.4876525688333802,0.5142265991260951,0.3125000000000014,0.3043478260869567,0.00621730554840921,0.6874999999999987,0.6956521739130433
0.7109599525184931,0.3153697217576541,0.0,0.4198126596650581,0.3939062781067639,0.02180536483861406,0.5801873403349419,0.6060937338383766,0.5,0.4927536231884059,0.009947688877454765,0.5,
0.7015103711120606,0.3461961842198819,,0.4030655691172294,0.3774746838757498,0.020935509175680857,0.5969344308827705,0.6225253193590359,0.5,0.4927536231884059,0.009947688877454765,0.5,0.507246376811594
0.6920685992776849,0.3770226466821097,0.16195965417867428,0.3684359920522281,0.34368672168673553,,,,0.5,0.4927536231884059,0.009947688877454765,0.5,0.507246376811594
0.6826190178657034,0.4078491091443374,0.22449567723342936,0.40874254896395146,0.38303803157446603,0.02123037550209891,0.5912574510360485,0.616961971707995,0.5,0.4927536231884059,0.009947688877454765,0.5,0.507246376811594
0.6731772460313278,0.438679922554344,0.2651296829971182,0.22707919386886186,0.2084113001121093,0.011794653056721605,0.7729208061311381,0.7915887016738804,0.5,0.4927536231884059,,0.5,0.507246376811594
0.6637276646248953,0.4695063850165718,0.2752161383285301,0.2265114958841894,0.20787659487025908,0.011765166424079805,0.7734885041158106,0.7921234411893225,0.5,0.4927536231884059,0.009947688877454765,0.5,0.507246376811594
0.6542780832184628,0.5003328474787996,0.29481268011527384,,,0.018856701574433657,0.6369571388021573,0.6615523916610458,0.5,0.4927536231884059,0.009947688877454765,0.5,0.507246376811594
0.6448363113840871,0.5311636608857147,0.2812680115273776,0.5509508941243261,0.5246367222647514,0.02861677697887081,0.4490491058756741,0.4753632908006896,,0.4927536231884059,0.009947688877454765,0.5,0.507246376811594
0.6353867299776547,0.5619901233479424,0.2818443804034582,0.597502128867443,0.5719229839006811,0.031034680855498712,0.40249787113255703,0.4280769781527202,0.625,0.6231884057971014,0.012434611096818449,0.375,0.3768115942028985
0.6259371485712222,0.5928165858101702,0.2893371757925073,0.4919103037184223,0.4653269796337684,0.025550167184123163,0.5080896962815777,0.5346730157843279,0.5,0.4927536231884059,0.009947688877454765,0.5,0.507246376811594
0.6164953767312975,0.6236430482723979,0.32997118155619604,0.5552086290093673,0.528942532289333,0.028837926723684317,0.4447913709906328,0.4710574379652888,0.625,0.6231884057971014,0.012434611096818449,0.375,0.3768115942028985
0.607045795324865,0.6544738616824045,0.3389048991354468,0.7206925915412998,,,0.27930740845870017,0.3007173650573264,0.625,0.6231884057971014,0.012434611096818449,0.375,0.3768115942028985
0.5976040234904894,0.6853003241446323,0.4853025936599424,0.4042009650865743,0.3785868049647032,0.020994482440964458,0.5957990349134257,0.6214131640014388,0.625,0.6231884057971014,0.012434611096818449,0.375,0.3768115942028985
0.5881544420840569,0.71612678660686,0.4899135446685878,0.4904910587567416,0.4639103912306009,0.025476450602518658,0.5095089412432584,0.5360896470230735,0.3125000000000014,0.3043478260869567,0.00621730554840921,0.6874999999999987,0.6956521739130433
0.5787126702496812,0.7469576000168666,0.5224783861671468,,0.5905012059533065,0.03197825310003646,,0.4094988076765628,0.3125000000000014,0.3043478260869567,0.00621730554840921,0.6874999999999987,0.6956521739130433
0.5692630888432487,0.7777840624790944,0.418443804034582,0.6082883905762139,0.5829453365353603,,0.3917116094237862,0.41705465989067136,0.3125000000000014,0.3043478260869567,0.00621730554840921,0.6874999999999987,0.6956521739130433
0.5598135074368162,0.8086105249413222,0.4786743515850144,0.4862333238717002,0.4596631968841756,0.025255300857705158,0.5137666761282997,0.5403367984853845,0.3125000000000014,0.3043478260869567,0.00621730554840921,0.6874999999999987,0.6956521739130433
0.5503717355968916,0.83943698740355,0.4319884726224782,0.5980698268521146,0.5725024907164205,0.031064167488140518,0.4019301731478854,0.4274975056201208,0.3125000000000014,0.3043478260869567,0.00621730554840921,0.6874999999999987,0.6956521739130433
0.5409221541904591,0.8702678008135565,0.2512968299711815,0.6054499006528532,0.5800423179487658,0.03144749371248396,0.3945500993471468,0.4199576784523886,0.3125000000000014,0.3043478260869567,0.00621730554840921,0.6874999999999987,0.6956521739130433
0.5314803823560834,0.9010942632757843,0.31988472622478364,0.5983536758444513,0.5727922698329209,0.031078910804461412,,0.4272077693538211,,0.3043478260869567,0.00621730554840921,0.6874999999999987,
0.5220308009496509,0.931920725738012,0.33775216138328523,0.5818904342889585,0.5560134119870037,0.030223798457849112,0.4181095657110416,0.4439865927777773,0.3125000000000014,0.3043478260869567,0.00621730554840921,0.6874999999999987,
0.5125890291152754,0.9627515391480188,0.38328530259365984,0.7121771217712181,0.6903751231154189,,0.28782287822878194,0.30962489137032423,0.3125000000000014,0.3043478260869567,,0.6874999999999987,
0.7859005997726641,0.22913394391725156,0.4360230547550431,0.5671302866874821,0.541019315845517,0.9048008813452818,0.4328697133125179,0.4589807230689456,0.3125000000000014,0.3043478260869567,0.9379555784238056,,0.6956521739130433
0.7764510183662315,0.2599604063794793,0.32680115273775223,0.7118932727788821,,,0.2881067272211178,0.309921568966872,0.3125000000000014,0.3043478260869567,0.9379555784238056,0.6874999999999987,0.6956521739130433
0.7670092465318559,0.29079121978948586,0.4389048991354468,0.6908884473460122,0.6681737922978638,0.933948926101923,0.30911155265398776,0.3318261791499064,0.4375000000000014,0.4347826086956522,0.9492324843495412,0.5624999999999987,0.5652173913043478
0.7575596651254235,0.3216176822517137,0.4296829971181555,0.6216292932160095,0.5966124816996322,0.9176367175683898,0.3783707067839906,0.4033875234130642,0.5,0.4927536231884059,0.9548494983277592,,
0.7481100837189909,0.3524441447139414,0.5074927953890489,0.6613681521430604,,0.9269961814810728,,0.3624525279424965,0.5,0.4927536231884059,0.9548494983277592,0.5,0.507246376811594
0.7386683118846153,0.3832706071761692,0.4827089337175792,0.5452739142776047,0.5189016409124886,0.8996531761933063,0.4547260857223953,0.4810983721038052,0.5,0.4927536231884059,0.9548494983277592,0.5,0.507246376811594
0.7292187304781829,0.41410142058308425,0.5564841498559078,0.5992052228214595,0.5736617100169454,0.9123553057890904,0.4007947771785405,,0.5,0.4927536231884059,0.9548494983277592,0.5,0.507246376811594
0.7197691490717503,0.444927883045312,,0.3721260289525977,0.3472749352701668,0.8588726548594733,0.6278739710474023,0.6527250762753644,0.5,0.4927536231884059,0.9548494983277592,0.5,0.507246376811594
0.7103273772318257,0.4757543455075398,0.5011527377521614,0.4816917399943231,0.4551371067416094,,0.5183082600056769,0.5448628885891641,0.5,0.4927536231884059,0.9548494983277592,0.5,0.507246376811594
0.7008777958253931,0.5065851589175464,,0.6590973602043715,0.6351992854645998,0.9264613549717768,0.34090263979562857,0.3648007542569425,0.5,0.4927536231884059,0.9548494983277592,0.5,0.507246376811594
0.6914360239910176,0.5374116213797742,0.5645533141210375,0.7062162929321602,0.6841490326240723,0.9375590050396724,0.29378370706783985,0.3158510075169466,0.5,0.4927536231884059,0.9548494983277592,0.5,0.507246376811594
0.6819864425845851,0.5682380838420019,0.5276657060518732,0.5784842463809254,0.5525491225734298,0.9074750138917628,0.4215157536190746,0.447450916439838,0.375,0.3768115942028985,0.9435725924020236,0.625,0.6231884057971014
0.6725368611781525,0.5990645463042297,0.5945244956772332,0.6264547260857224,0.6015652408480079,0.9187732239006444,0.3735452739142776,0.3984347557375879,0.1875000000000014,0.18840579710144925,0.9266786724980705,0.8124999999999987,0.8115942028985508
0.6630950893437769,0.6298953597142363,0.6265129682997116,,0.9000763366373465,0.9852922709943552,0.09111552653988024,0.09992370535407076,0.1875000000000014,0.18840579710144925,,0.8124999999999987,0.8115942028985508
0.6536455079317953,0.660721822176464,0.6792507204610948,0.7990349134260577,0.781955641660044,0.9594200386071532,0.20096508657394227,0.21804440788867616,0.1875000000000014,0.18840579710144925,0.9266786724980705,0.8124999999999987,0.8115942028985508
0.6442037360974198,0.6915482846386918,0.8582132564841498,0.5174567130286686,0.4908988404884778,0.8931015514544279,0.4825432869713314,0.5091011551487576,0.4375000000000014,0.4347826086956522,0.9492324843495412,,0.5652173913043478
0.6347541546909873,0.7223790980486984,1.0,0.5926766959977292,0.5669999439294761,0.9108176795748638,0.4073233040022707,0.4330000952076287,0.3125000000000014,0.3043478260869567,,0.6874999999999987,0.6956521739130433
0.6253045732845547,0.7532055605109261,0.8051873198847261,0.6329832529094527,0.6082739166170896,0.9203108501148708,0.3670167470905473,0.3917260885955401,0.3125000000000014,0.3043478260869567,0.9379555784238056,0.6874999999999987,0.6956521739130433
0.6158628014501791,0.784032022973154,0.6510086455331413,0.6304286119784279,0.6056477028580001,0.9197091702919128,0.3695713880215721,0.3943523109016677,0.3125000000000014,0.3043478260869567,0.9379555784238056,0.6874999999999987,0.6956521739130433
0.6064132200437466,0.8148584854353818,0.8815561959654179,0.6139653704229351,,0.9158316780995154,0.38603462957706497,,0.3125000000000014,0.3043478260869567,,0.6874999999999987,0.6956521739130433
0.596971448209371,0.8456892988453883,0.8023054755043229,0.6622196991200686,0.6384283323370809,0.9271967414220591,,0.36157166456441503,0.3125000000000014,0.3043478260869567,0.9379555784238056,0.6874999999999987,0.6956521739130433
0.5875218667973895,0.8765157613076161,0.8723342939481266,0.7263695713880218,0.7052295699745608,0.9423055903096756,0.2736304286119781,0.2947704446384782,0.3125000000000014,0.3043478260869567,0.9379555784238056,,0.6956521739130433
0.5780800949630138,0.907342223769844,0.5731988472622478,0.6534203803576503,0.6293336042680234,0.9251242886985364,0.3465796196423498,0.3706664354032523,0.3125000000000014,0.3043478260869567,0.9379555784238056,0.6874999999999987,0.6956521739130433
0.5686305135565813,0.9381730371767588,0.6072046109510084,0.5722395685495317,0.5462043353338161,0.9060042409911984,,0.4537956350687316,0.3125000000000014,0.3043478260869567,0.9379555784238056,0.6874999999999987,0.6956521739130433
0.5591809321501489,0.9689994996389868,0.5708933717579251,0.6820891285835937,0.6590254017468447,,0.3179108714164062,0.3409745953311585,0.3125000000000014,0.3043478260869567,,0.6874999999999987,0.6956521739130433
0.823050730978711,0.2662127178182261,0.4034582132564841,0.5912574510360493,,0.3482869537410657,0.4087425489639506,,0.3125000000000014,0.3043478260869567,0.3425520967326987,0.6874999999999987,0.6956521739130433
0.8136011495667295,0.2970391802804539,0.3755043227665706,0.4527391427760429,,0.33191272160094115,0.547260857223957,,,0.4347826086956522,0.3482119886802161,0.5624999999999987,0.5652173913043478
0.8041593777323538,0.32786564274268165,0.4371757925072046,0.6466080045415841,0.6223038362701631,0.35482993584623834,0.3533919954584159,0.3776962033408711,0.5,0.4927536231884059,0.3510419346539748,0.5,0.507246376811594
0.7947097963259213,0.35869645615268825,0.5734870317002883,0.4595515185921091,0.4331352491902017,0.3327180117061932,0.5404484814078909,0.5668647630911132,0.5,0.4927536231884059,0.3510419346539748,0.5,0.507246376811594
0.7852602149194888,0.389522918614916,0.4115273775216137,0.5799034913426061,0.5539922765617266,0.3469448035656456,,,0.5,0.4927536231884059,0.3510419346539748,0.5,0.507246376811594
0.7758184430851132,0.4203493810771438,0.4115273775216137,0.5804711893272777,0.5545696581306556,0.34701191107441665,0.41952881067272224,0.4454303037740357,0.5,0.4927536231884059,0.3510419346539748,0.5,0.507246376811594
0.7663688616786807,0.4511758435393716,0.5293948126801153,0.3366449049105881,0.312892855193592,0.3181892360572712,0.6633550950894119,0.6871071132095827,,,0.3510419346539748,0.5,0.507246376811594
0.756927089838756,0.4820066569493781,0.4775216138328528,0.3973885892705082,0.3719181918119056,0.3253697394957684,0.6026114107294918,0.6280818113752635,0.5,0.4927536231884059,0.3510419346539748,0.5,0.507246376811594
0.7474775084323235,0.5128331194116059,0.4544668587896252,0.5946636389440816,0.5690264781672152,0.3486895987936917,0.4053363610559184,0.4309734838613644,0.5,0.4927536231884059,0.3510419346539748,0.5,0.507246376811594
0.7380279270258909,0.5436595818738337,0.4593659942363112,0.5654271927334656,0.5392922100303611,0.34523356209198497,,0.460707828869301,0.5,0.4927536231884059,0.3510419346539748,0.5,0.507246376811594
0.7285861551915154,0.5744860443360614,0.5097982708933716,,0.5111701558377498,,0.4623900085154697,0.4888298142645708,0.25,0.24637681159420294,,0.75,0.753623188405797
0.7191365737850829,0.605316857746068,0.5561959654178673,0.7346011921657679,0.7138647819772284,0.36523159970574376,0.2653988078342321,0.28613525841844106,0.1875000000000014,0.18840579710144925,0.3368922047851813,0.8124999999999987,0.8115942028985508
0.7096948019507073,0.6361433202082958,,0.9196707351688904,0.9118131492602224,0.3871086475650905,0.08032926483110941,0.08818685855359991,0.1875000000000014,0.18840579710144925,0.3368922047851813,0.8124999999999987,0.8115942028985508
0.7002452205442747,0.6669697826705235,0.7913544668587894,0.7073516889015042,0.6853343718934601,0.3620104392847356,0.29264831109849576,0.31466566825771664,0.1875000000000014,0.18840579710144925,0.3368922047851813,0.8124999999999987,0.8115942028985508
0.6907956391378423,0.6978005960805301,,0.6500141924496171,0.6258174862548163,0.3552325808988644,0.34998580755038283,0.3741825191081538,0.25,0.24637681159420294,0.33972215075893997,0.75,0.753623188405797
0.6813538672979176,0.7286270585427579,0.7850144092219018,0.5892705080896962,0.563527839092148,0.34805207746036715,0.4107294919103038,0.4364721314588544,0.3125000000000014,0.3043478260869567,0.3425520967326987,0.6874999999999987,0.6956521739130433
0.6719042858914851,0.7594535210049858,0.6319884726224781,0.5960828839057624,0.5704745167953583,0.3488573675656192,0.4039171160942377,0.4295254880933477,0.3125000000000014,0.3043478260869567,0.3425520967326987,0.6874999999999987,0.6956521739130433
0.6624625140571095,0.7902799834672135,0.6452449567723343,0.6948623332387169,0.6723107223269147,0.3605340740917736,,0.3276893177126553,0.3125000000000014,0.3043478260869567,0.3425520967326987,0.6874999999999987,0.6956521739130433
0.653012932650677,0.8211107968741286,0.6443804034582132,0.432585864320182,0.4064789554418784,0.3295304050395705,0.5674141356798179,0.5935210137632868,0.3125000000000014,0.3043478260869567,0.3425520967326987,0.6874999999999987,0.6956521739130433
0.6435711608163014,0.8519372593363563,0.5867435158501441,0.4743116661935854,0.4477915682015395,,0.5256883338064147,0.5522084442053734,0.625,0.6231884057971014,0.3567018266014921,0.375,0.3768115942028985
0.6341215794098689,0.8827637217985841,0.8011527377521612,0.5086573942662501,0.4820750813877405,0.3385228112148848,0.4913426057337498,0.5179249570215969,,0.6231884057971014,0.3567018266014921,0.375,0.3768115942028985
0.6246719980034363,0.9135945352085908,0.7956772334293948,0.5753619074652291,0.5493756920388485,0.3464079434954776,0.42463809253477103,0.45062430409950704,0.3125000000000014,0.3043478260869567,0.3425520967326987,0.6874999999999987,0.6956521739130433
0.6152302261635118,0.9444209976708184,0.6311239193083574,0.5461254612546129,0.519761466068605,0.342951906793771,0.453874538745387,,0.3125000000000014,0.3043478260869567,0.3425520967326987,0.6874999999999987,0.6956521739130433
0.6057806447570792,0.9752474601330462,0.5942363112391932,0.6006244677831395,0.575111119772063,0.3493942276357872,0.39937553221686056,0.42488885087820255,0.3125000000000014,0.3043478260869567,0.3425520967326987,,0.6956521739130433
0.8318599275264192,0.3957708791089756,0.42824207492795385,0.5796196423502694,0.5537036114858928,0.6894035718479934,0.4203803576497305,0.4462964275372681,0.5,0.4927536231884059,0.7197924706285911,0.5,0.507246376811594
0.8224181556920436,0.4265973415712033,0.45244956772334294,0.5702526256031794,0.5441872790112878,0.6876252228655618,0.4297473743968207,0.4558127342216923,0.5,0.4927536231884059,0.7197924706285911,0.5,0.507246376811594
0.8129685742856111,0.4574281549812099,0.4853025936599424,0.3806414987226796,0.35556648286623865,0.6516271283120987,0.6193585012773205,,0.5,0.4927536231884059,0.7197924706285911,0.5,0.507246376811594
0.8035268024512354,0.4882546174434377,0.5319884726224782,0.5574794209480554,0.5312405410984641,0.6852002015258823,0.4425205790519446,0.4687594291758509,0.5,0.4927536231884059,0.7197924706285911,0.5,0.507246376811594
0.7940772210448029,0.5190810799056654,0.6135446685878964,0.6695997729208064,0.6460688688456977,0.7064864999519571,0.3304002270791936,0.3539311452603614,,0.4927536231884059,0.7197924706285911,0.5,0.507246376811594
0.7846276396328214,0.5499075423678932,0.473487031700288,0.6295770650014196,0.6047726067752062,0.6988880997542951,0.3704229349985804,0.3952274326855927,0.5,0.4927536231884059,0.7197924706285911,0.5,0.507246376811594
0.7751858677984458,0.5807383557778998,0.5792507204610949,0.6139653704229351,0.5887565154347032,0.6959241847835757,0.38603462957706497,0.4112434810411273,0.25,0.24637681159420294,0.7016122116456565,0.75,0.753623188405797
0.7657362863920133,0.6115648182401275,0.8299711815561959,0.6409310246948628,0.6164532374703053,0.7010436742784545,0.35906897530513715,0.3835468020905916,0.1875000000000014,,0.6970671468999228,,
0.7562867049855808,0.6423912807023554,0.6011527377521613,0.5813227363042861,0.5554358590272028,0.6897269080266173,0.41867726369571395,0.4445641800108029,0.1875000000000014,,,0.8124999999999987,0.8115942028985508
0.7468449331512051,0.6732220941092704,0.6340057636887607,0.2716434856656258,0.250599583113985,0.6309336128801678,0.7283565143343742,0.7494004104639953,0.1875000000000014,0.18840579710144925,0.6970671468999228,0.8124999999999987,0.8115942028985508
0.7373953517447727,0.7040485565714981,0.6740634005763688,0.4331535623048537,0.4070385466383141,0.6615966604863363,0.5668464376951463,0.5929614225716465,0.25,0.24637681159420294,0.7016122116456565,,0.753623188405797
0.727953579904848,0.734875019033726,0.7198847262247839,0.5486801021856378,0.5223418670476616,0.6835296312696588,0.4513198978143623,0.4776581288590263,0.3125000000000014,0.3043478260869567,0.7061572763913901,0.6874999999999987,
0.7185039984984155,0.7657014814959537,0.6334293948126801,0.5804711893272777,0.5545696581306556,0.6895652399373053,0.41952881067272224,0.4454303037740357,0.3125000000000014,0.3043478260869567,0.7061572763913901,0.6874999999999987,0.6956521739130433
0.7090622266640398,0.7965322949059603,0.9193083573487032,0.6616520011353962,0.637841078653936,0.7049775977850455,0.33834799886460376,0.362158935381614,0.3125000000000014,0.3043478260869567,0.7061572763913901,0.6874999999999987,0.6956521739130433
0.6996126452576074,0.8273587573681881,0.7092219020172909,0.5191598069826852,0.4926085672692331,0.6779251375068442,0.4808401930173149,0.5073914455217411,0.5625000000000013,0.5652173913043478,0.7243375353743247,0.4374999999999986,0.4347826086956522
0.6901630638511749,0.8581852198304158,0.5786743515850143,0.6412148736871986,0.61674560458897,0.7010975636415585,0.3587851263128013,0.3832544092658021,0.8125000000000013,0.8115942028985508,0.7425177943572592,0.1874999999999986,0.18840579710144925
0.6807212920167992,0.8890160332404224,0.5812680115273775,0.6006244677831395,0.575111119772063,0.6933913847176884,0.39937553221686056,0.42488885087820255,0.8125000000000013,0.8115942028985508,0.7425177943572592,0.1874999999999986,0.18840579710144925
0.6712717106103667,0.9198424957026502,0.5622478386167148,0.609423786545558,0.5841070238644392,0.6950619549739119,0.3905762134544421,0.4158929725715476,0.8125000000000013,0.8115942028985508,0.7425177943572592,0.1874999999999986,0.18840579710144925
0.661829938770442,0.9506689581648778,0.6564841498559078,0.5682656826568271,0.5421710625040311,0.6872479973238338,0.43173431734317297,0.457828976420301,0.8125000000000013,0.8115942028985508,0.7425177943572592,0.1874999999999986,0.18840579710144925
0.6523803573640096,0.9814954206271056,,0.5753619074652291,0.5493756920388485,0.6885952314014335,0.42463809253477103,0.45062430409950704,0.75,0.753623188405797,0.7379727296115255,0.25,0.24637681159420294
0.9534002873930696,0.3157874127104113,0.2314121037463977,0.4629577065001421,0.4365133632734332,0.22452698103145255,0.5370422934998579,0.5634866490368303,0.1875000000000014,0.18840579710144925,0.2198353485978904,0.8124999999999987,0.8115942028985508
0.9439507059866372,0.3466138751726391,0.37031700288184416,0.4243542435424352,0.3983725871132453,0.2208625043403815,0.5756457564575648,,0.1875000000000014,0.18840579710144925,0.2198353485978904,0.8124999999999987,0.8115942028985508
0.9345089341522616,0.3774446885795541,,,0.3022204570105031,0.2114857551602878,0.6744252057905193,0.6977795370098445,0.1875000000000014,0.18840579710144925,0.2198353485978904,0.8124999999999987,0.8115942028985508
0.9250593527402801,0.4082711510417819,0.3106628242074928,0.4263411864887884,0.4003279770000992,0.22105111711124545,0.5736588135112116,0.5996720607087029,0.1875000000000014,0.18840579710144925,0.2198353485978904,,
0.9156097713338476,0.4390976135040097,0.3605187319884727,0.4865171728640361,0.459946223200327,0.226763389600268,0.5134828271359639,0.540053746463028,0.125,0.13043478260869554,0.2175628162250236,0.875,0.8695652173913044
0.9061679994994718,0.4699240759662374,0.2988472622478387,0.3911439114391145,,0.21770997659879826,0.6088560885608855,0.6341860686130788,0.0,0.0,,1.0,1.0
0.8967184180930393,0.5007548893762439,0.4590778097982706,0.42861197842747656,0.4025637366445912,0.22126667456366134,0.5713880215725234,0.5974362668051961,0.1875000000000014,0.18840579710144925,0.2198353485978904,0.8124999999999987,0.8115942028985508
0.8872766462586638,0.5315813518384718,0.3602305475504323,0.2963383479988646,0.2741597179022795,0.20871045296043247,0.7036616520011354,0.7258402501689699,0.25,0.24637681159420294,0.2221078809707572,0.75,0.753623188405797
0.8778270648522312,0.5624078143006995,,0.5793357933579336,0.5534149635491463,0.2355743004677698,0.4206642066420663,0.4465850497629108,0.25,0.24637681159420294,0.2221078809707572,0.75,0.753623188405797
0.8683774834457987,0.5932342767629274,0.5936599423631121,0.5100766392279309,0.4834971542988056,,0.4899233607720692,0.5165028412750006,0.1875000000000014,0.18840579710144925,0.2198353485978904,0.8124999999999987,0.8115942028985508
0.858935711605874,0.6240650901729339,0.50835734870317,0.39682089128583575,0.3713629196654392,,0.6031791087141642,0.6286371177951455,0.1875000000000014,0.18840579710144925,0.2198353485978904,0.8124999999999987,0.8115942028985508
0.8494861301994415,0.6548915526351617,0.4896253602305474,0.5069543003122344,0.4803691594843393,0.22870340667201156,0.4930456996877656,0.5196308103540309,0.1875000000000014,0.18840579710144925,0.2198353485978904,0.8124999999999987,
0.8400443583650659,0.6857180150973895,0.6420749279538904,0.5350553505535055,0.5085957706782936,0.23137093014565885,0.4649446494464945,0.4914041908324224,0.1875000000000014,0.18840579710144925,0.2198353485978904,0.8124999999999987,0.8115942028985508
0.8305947769586334,0.7165444775596173,,0.4294635254044848,0.40340242930621417,0.2213475086083173,0.5705364745955152,0.5965975655812168,0.3125000000000014,0.3043478260869567,0.22438041334362405,,
0.8211451955522009,0.7473752909696239,0.6671469740634007,0.5955151859210899,0.5698952499268394,0.2371101473162335,0.4044848140789101,0.4301047892350765,0.3125000000000014,0.3043478260869567,0.22438041334362405,0.6874999999999987,0.6956521739130433
0.8117034237178253,0.7782017534318516,0.6668587896253602,0.5109281862049391,0.4843506037144909,0.22908063221373945,0.4890718137950609,0.5156494004361726,0.3125000000000014,0.3043478260869567,0.22438041334362405,0.6874999999999987,0.6956521739130433
0.8022538423113927,0.8090282158940794,0.5556195965417867,0.5764973034345731,0.5505294268314755,0.23530485365224996,0.4235026965654269,0.4494705864558535,0.3125000000000014,0.3043478260869567,0.22438041334362405,0.6874999999999987,0.6956521739130433
0.7928120704714681,0.839859029304086,0.5896253602305473,,0.3613797441646741,0.2172788616939664,0.6133976724382626,0.6386202932103594,0.625,0.6231884057971014,0.23574307520795815,0.375,0.3768115942028985
0.7833624890650356,0.8706854917663137,0.5778097982708933,0.4711893272778882,0.4446873281619049,0.22530837679646035,0.5288106727221119,0.5553126756488623,0.8125000000000013,0.8115942028985508,0.2425606723265586,0.1874999999999986,0.18840579710144925
0.77392071723066,0.9015119542285416,0.6291066282420749,0.4669315923928468,0.4404576156844038,0.2249042065731805,0.5330684076071531,0.5595423452423994,0.8125000000000013,0.8115942028985508,0.2425606723265586,0.1874999999999986,0.18840579710144925
0.7644711358242274,0.9323384166907692,0.4700288184438041,0.466647743400511,0.4401757719652675,0.2248772618916285,,0.5598241975286637,0.8125000000000013,0.8115942028985508,0.2425606723265586,0.1874999999999986,0.18840579710144925
0.7550293639898519,0.9631692300976844,0.5080691642651295,0.7669599772920811,0.7479497988252509,0.2533847349736374,0.2330400227079189,0.25205024186251146,0.8125000000000013,0.8115942028985508,0.2425606723265586,0.1874999999999986,0.18840579710144925
0.7455797825834194,0.993995692559912,0.5783861671469738,0.5191598069826852,0.4926085672692331,0.2298620279787473,0.4808401930173149,0.5073914455217411,0.625,0.6231884057971014,0.23574307520795815,0.375,0.3768115942028985
1.0,0.3220353732013793,0.43976945244956783,0.4334374112971903,0.4073183679451627,0.02251304402201736,0.5665625887028097,0.5926816269758264,0.1875000000000014,0.18840579710144925,0.003730383329045526,0.8124999999999987,0.8115942028985508
0.9905504185935676,0.35286618661138586,0.4593659942363112,0.4760147601476019,0.4494856641347864,0.02472454147015266,0.5239852398523981,0.5505143311475571,0.1875000000000014,0.18840579710144925,0.003730383329045526,0.8124999999999987,0.8115942028985508
0.9811086467591918,0.3836926490736137,0.3657060518731988,0.5875674141356797,0.5617927121841914,0.030518664784267163,0.4124325858643204,0.4382072926301156,0.1875000000000014,0.18840579710144925,0.003730383329045526,0.8124999999999987,0.8115942028985508
0.9716590653527594,0.4145191115358414,0.3005763688760805,,,0.026891808969325262,0.4822594379789948,0.5088162178268274,0.1875000000000014,,,0.8124999999999987,0.8115942028985508
0.9622094839463268,0.4453455739980692,0.3276657060518733,0.6071529946068689,0.5817839234316763,,0.3928470053931311,0.4182160901234896,0.125,0.13043478260869554,0.002486922219363684,0.875,0.8695652173913044
0.9527677121064022,0.4761763874080758,0.4775216138328528,0.4007947771785413,0.3752512643740276,0.02081756264511361,0.5992052228214587,,,0.0,0.0,1.0,1.0
0.9244267774591616,0.5686557747947592,0.5337175792507203,0.5049673573658813,0.4783796970921714,0.02622835973488466,,0.5216203155768678,0.0,0.0,0.0,1.0,
0.9149771960527292,0.5994865882047656,0.3034582132564841,,,,0.6483110984956006,0.6725618556078192,0.0,0.0,0.0,1.0,1.0
0.8394117830839475,0.8461069897950539,0.7204610951008645,,0.4048005931906629,,0.5691172296338345,0.5951994445564671,0.8125000000000013,0.8115942028985508,0.016164994425863975,0.1874999999999986,0.18840579710144925
0.829962201671966,0.8769334522572817,0.7198847262247839,0.4757309111552653,0.4492032719648605,0.024709798153831758,0.5242690888447348,0.5507966976064326,0.8125000000000013,0.8115942028985508,0.016164994425863975,0.1874999999999986,0.18840579710144925
0.8205204298375903,0.9077599147195096,0.7074927953890489,0.458416122622765,0.43200975961324745,0.02381045585825676,0.541583877377235,0.5679902012411614,0.8125000000000013,0.8115942028985508,0.016164994425863975,0.1874999999999986,0.18840579710144925
0.8110708484311578,0.9385907281295159,0.5296829971181555,0.34885041158103874,0.3246900745292348,0.01811953575838856,0.6511495884189612,0.6753099368227545,0.8125000000000013,0.8115942028985508,0.016164994425863975,0.1874999999999986,0.18840579710144925
0.8016212670247254,0.9694171905917438,0.7812680115273775,,0.5309532300105176,0.028941129937930663,0.4428044280442804,0.4690467659699654,0.8125000000000013,,0.016164994425863975,0.1874999999999986,0.18840579710144925
0.17947957016240962,0.3082776774656141,0.2988472622478387,0.5387453874538745,0.5123147726359972,0.8981155499790797,0.4612546125461256,0.4876852660324805,0.5,0.4927536231884059,0.9548494983277592,0.5,0.507246376811594
0.17117018618195062,0.33910413992784194,0.30172910662824204,0.6483110984956006,0.6240603527589202,0.9239209290526198,,0.37593961831081785,0.5,,,,0.507246376811594
0.16254841934141182,0.3700872364946486,0.4262247838616716,,0.5542809587766474,0.9078761337737348,0.4198126596650581,0.4457190116951132,0.5,0.4927536231884059,0.9548494983277592,0.5,
0.15199768836374128,0.4010224726420715,0.4273775216138328,0.6097076355378938,0.5843974885444266,0.9148288783945848,0.3902923644621063,0.4156025507417667,0.5,0.4927536231884059,0.9548494983277592,0.5,0.507246376811594
0.1428917281000671,0.4317053538399653,0.3654178674351583,0.44876525688333824,0.4224541700594561,0.8769230495482191,,0.5775458421303268,0.5,0.4927536231884059,,0.5,0.507246376811594
0.13271585655338247,0.4625796767246682,0.39164265129683,0.4552937837070678,0.4289160772513159,0.8784606757624455,0.5447062162929323,0.5710838921461245,0.5625000000000013,0.5652173913043478,0.9605093902752766,0.4374999999999986,0.4347826086956522
0.12280551043443623,0.4933060673972584,0.4544668587896252,0.5055350553505538,0.47894802922306895,0.8902937122806233,,0.5210519834508401,0.5625000000000013,0.5652173913043478,0.9605093902752766,,
0.09538610521222304,0.5857288924659089,0.4262247838616716,0.3922793074084586,0.3669232105222615,0.8636192401294769,0.6077206925915414,0.6330768269002768,0.375,0.3768115942028985,0.9435725924020236,0.625,0.6231884057971014
0.08501499437521404,0.6166815324044471,0.4489913544668587,0.5378938404768662,0.5114562843286812,0.8979149900380936,,0.4885436772065482,0.375,0.3768115942028985,0.9435725924020236,0.625,0.6231884057971014
0.07576846182561378,0.6473861683381433,0.4769452449567722,,0.5525491225734298,,0.4215157536190746,,0.375,,,0.625,0.6231884057971014
0.06612364113440591,0.6782387364839524,0.6095100864553316,0.5756457564575648,0.5496641000283745,0.9068064807551424,0.4243542435424352,0.4503359389601699,0.375,0.3768115942028985,0.9435725924020236,0.625,0.6231884057971014
0.9433181306999696,0.506994147974746,0.4585014409221901,0.5384615384615385,0.5120285927278045,0.02796807106075111,0.4615384615384614,0.4879714030905031,0.0,0.0,0.0,1.0,1.0
0.933813882294688,0.5378293123325313,0.3438040345821323,0.5926766959977292,0.5669999439294761,0.030784044478043414,0.4073233040022707,0.4330000952076287,0.0,,0.0,1.0,1.0
0.9055354242183534,0.6301042051890691,0.5074927953890489,0.0,,0.0,1.0,1.0,0.0,0.0,0.0,1.0,1.0
0.8945161189561123,0.6609306676512968,0.6642651296829971,0.3914277604314503,0.3660912535219001,0.02033103320652386,0.6085722395685497,0.6339087581848779,0.0,0.0,0.0,1.0,1.0
0.8850821566937935,0.6917788848524186,0.5389048991354467,0.4535906897530512,0.4272294882382541,0.02355981948080141,0.5464093102469488,0.5727705497010815,0.125,0.13043478260869554,0.002486922219363684,0.875,0.8695652173913044
0.875780957139795,0.7226314529982276,0.7221902017291066,0.4586999716151008,0.4322911062988553,0.02382519917457766,0.5413000283848992,0.5677088631275079,0.3125000000000014,0.3043478260869567,0.00621730554840921,0.6874999999999987,0.6956521739130433
0.866510995874024,0.7535536363023142,0.7020172910662823,0.4677831393698551,0.4413032496763346,0.02429698529684651,0.532216860630145,0.5586967883836068,0.3125000000000014,0.3043478260869567,0.00621730554840921,0.6874999999999987,0.6956521739130433
0.8577642758972219,0.7843975025556572,0.3824207492795388,0.5500993471473177,,0.02857254702990811,0.4499006528526823,0.4762240157515067,,0.3043478260869567,0.00621730554840921,0.6874999999999987,
0.8484708859152803,0.8152805273328262,0.7510086455331412,0.5276752767527678,0.5011664562800867,0.027407825040556808,0.4723247232472322,0.4988335565842246,,0.3043478260869567,0.00621730554840921,0.6874999999999987,0.6956521739130433
0.7921794951903497,1.0,0.5821325648414986,0.399943230201533,0.37441776485582,0.02077333269615091,0.600056769798467,0.6255822469223129,0.625,0.6231884057971014,0.012434611096818449,0.375,0.3768115942028985
